James Branson(James.Branson1@iam.statetechmo.edu)
Zander Brune(Zander.Brune@iam.statetechmo.edu)
Carson Campbell(Carson.Campbell@iam.statetechmo.edu)
Matthew Cline(matthew.cline@iam.statetechmo.edu)
Hunter Colombo(Hunter.Colombo@iam.statetechmo.edu)
Will Flowers(Will.Flowers@iam.statetechmo.edu)
Tyler Grellner(tyler.grellner@iam.statetechmo.edu)
Aidan Haugen(aidan.haugen@iam.statetechmo.edu)
Ethan Horn(Ethan.Horn@iam.statetechmo.edu)
Levi Kessler(levi.kessler@iam.statetechmo.edu)
Ryan Levely(ryan.levely@iam.statetechmo.edu)
Jonathan Mckinney(Jonathan.Mckinney1@iam.statetechmo.edu)
Andrew Ocheskey(andrew.ocheskey@iam.statetechmo.edu)
Jett Phipps(Jett.Phipps@iam.statetechmo.edu)
Seth Prenger(seth.prenger@iam.statetechmo.edu)
Dillon Rice(Dillon.Rice@iam.statetechmo.edu)
Brian Roark(brian.roark@iam.statetechmo.edu)
Crismon Rowell(Crismon.Rowell@iam.statetechmo.edu)
Perry Scott(perry.scott@iam.statetechmo.edu)
Evan Snell(evan.snell@iam.statetechmo.edu)
Alex Talken(Alex.Talken@iam.statetechmo.edu)
Lucas Toebben(lucas.toebben@iam.statetechmo.edu)
Tanner Uptegrove(Tanner.Uptegrove@iam.statetechmo.edu)
Nolan Wright(Nolan.Wright@iam.statetechmo.edu)
Andrew Atherton(andrew.atherton@iam.statetechmo.edu)
Nathan Bear(Nathan.Bear@iam.statetechmo.edu)
Ian Bexten(ian.bexten@iam.statetechmo.edu)
Aiden Bingham(Aiden.Bingham@iam.statetechmo.edu)
Jonas Branson(jonas.branson@iam.statetechmo.edu)
Logan Chandler(Logan.Chandler@iam.statetechmo.edu)
Brady Garner(brady.garner@iam.statetechmo.edu)
Austin Hester(austin.hester@iam.statetechmo.edu)
Jack Huddleston(Jack.Huddleston@iam.statetechmo.edu)
Aiden Jones(Aiden.Jones@iam.statetechmo.edu)
Noah Kuttenkuler(Noah.Kuttenkuler@iam.statetechmo.edu)
Brendan Lortie(Brendan.Lortie@iam.statetechmo.edu)
Jonathon Marquart(Joanthon.Marquart@iam.statetechmo.edu)
Austin McElwaine(austin.mcelwaine@iam.statetechmo.edu)
Quentin Plaster(Quentin.Plaster@iam.statetechmo.edu)
Elijah Pyatt(Elijah.Pyatt@iam.statetechmo.edu)
Alexander Radefeld(Alexander.Radefeld@iam.statetechmo.edu)
Elizabeth Scott(Elizabeth.Scott@iam.statetechmo.edu)
Coy Starke(coy.starke@iam.statetechmo.edu)
Alan Supinger(alan.supinger@iam.statetechmo.edu)
Joel Vaughn(joel.vaughn@iam.statetechmo.edu)
William Wallace(William.Wallace1@iam.statetechmo.edu)
Keegan Watson(keegan.watson@iam.statetechmo.edu)